floor_x ,floor_y ,floor_z ,floor_qx ,floor_qy ,floor_qz ,floor_qw ,camera_x ,camera_y ,camera_z ,camera_qx ,camera_qy ,camera_qz ,camera_qw ,est_cam_x ,est_cam_y ,est_cam_z ,est_cam_qx ,est_cam_qy ,est_cam_qz ,est_cam_qw ,robot_x ,robot_y ,robot_z ,robot_qx ,robot_qy ,robot_qz ,robot_qw ,est_robot_x ,est_robot_y ,est_robot_z ,est_robot_qx ,est_robot_qy ,est_robot_qz ,est_robot_qw ,est_cam-floor_x ,est_cam-floor_y ,est_cam-floor_z ,est_cam-floor_roll ,est_cam-floor_pitch ,est_cam-floor_yaw ,est_robot-floor_x ,est_robot-floor_y ,est_robot-floor_z ,est_robot-floor_roll ,est_robot-floor_pitch ,est_robot-floor_yaw ,robot-floor_x ,robot-floor_y ,robot-floor_z ,robot-floor_roll ,robot-floor_pitch ,robot-floor_yaw ,est_cam-robot_x ,est_cam-robot_y ,est_cam-robot_z ,est_cam-robot_roll ,est_cam-robot_pitch ,est_cam-robot_yaw
0.0 ,0.0 ,0.0 ,0.0 ,0.0 ,0.0 ,1.0 ,-0.021677453 ,-0.044557452 ,1.5429474 ,0.9995223 ,-0.016060412 ,0.012927868 ,0.023022579 ,-0.007573168075031056 ,0.009389145040280163 ,0.03931329707432352 ,0.9994575074392005 ,-0.01602015216440078 ,0.016894667721682 ,0.023294114076816464 ,-0.006899165 ,0.0058185696 ,-0.09349657 ,0.0009737454 ,0.00014147664 ,0.009643222 ,0.99995303 ,0.03197007759041036 ,-0.00013964276527686503 ,-0.14008910022039317 ,0.9989999335576397 ,-0.024923373594992023 ,0.02666369854379382 ,0.02582644730584768 ,-0.007573168075031056 ,0.009389145040280163 ,0.03931329707432352 ,3.09552727858 ,-0.0345242134333 ,-0.0312595453195 ,0.03197007759041036 ,-0.00013964276527686503 ,-0.14008910022039317 ,3.09122422307 ,-0.0545885379723 ,-0.0485108972529 ,-0.006899165 ,0.0058185696 ,-0.09349657 ,0.00195012921339 ,0.000264159909114 ,0.0192870100034 ,-0.0006740030854404111 ,0.0035705754732256526 ,0.13280986557531915 ,3.09359180909 ,-0.0348865011293 ,-0.050479140051
0.5 ,0.0 ,0.0 ,0.0 ,0.0 ,0.0 ,1.0 ,0.4878303 ,-0.029615887 ,1.5107298 ,0.99913186 ,-0.012584402 ,-0.0358803 ,-0.017021958 ,0.4853348460364302 ,0.025282819095599644 ,0.013213485638342348 ,0.999273406648229 ,-0.012402079547695457 ,-0.031920920819582824 ,-0.016730272041003965 ,0.49968308 ,-0.032498218 ,-0.22888355 ,-0.00297358 ,0.009905822 ,0.005551105 ,0.9999311 ,0.5044658266327122 ,0.058554326153912706 ,0.006087156398349308 ,0.998677649334478 ,-0.020673776604260487 ,0.036248218849547285 ,0.03002689312789035 ,-0.014665153963569821 ,0.025282819095599644 ,0.013213485638342348 ,-3.10887485143 ,0.0642546400316 ,-0.0237693295473 ,0.004465826632712222 ,0.058554326153912706 ,0.006087156398349308 ,3.08292419529 ,-0.0737088356774 ,-0.0392325977654 ,-0.0003169179 ,-0.032498218 ,-0.22888355 ,-0.00583795652611 ,0.0198445943593 ,0.011044932763 ,-0.01434823606729907 ,0.057781037214744084 ,0.24209703520937964 ,-3.10234323873 ,0.0446242831273 ,-0.0345167700655
0.5 ,0.5 ,0.0 ,0.0 ,0.0 ,0.70710677 ,0.70710677 ,0.5327093 ,0.4742984 ,1.4967953 ,0.70919436 ,0.7039647 ,-0.038398206 ,0.0016195856 ,0.5301758489470771 ,0.5079310330969344 ,0.0003271305363836685 ,0.7092508677494214 ,0.7040298619715706 ,-0.035826289964031616 ,0.004651558491219404 ,0.54260683 ,-0.5203119 ,-0.14232638 ,-1.165645e-05 ,-0.0028738612 ,-0.7047595 ,0.7094405 ,0.5912599368499829 ,0.5305022097457078 ,-0.09444076893337905 ,0.7197238644068763 ,0.6932304667508858 ,-0.0033152868874107744 ,0.03765750714579092 ,0.030175848947077144 ,0.007931033096934437 ,0.0003271305363836685 ,-3.09765887485 ,0.057400842722 ,-0.00612699007688 ,0.0912599368499829 ,0.03050220974570783 ,-0.09444076893337905 ,3.09188194613 ,0.0570137274771 ,-0.0389140915564 ,0.04260683 ,-1.0203118 ,-0.14232638 ,0.00403426733539 ,-0.00409410849959 ,-3.13498086721 ,-0.012430981649846684 ,1.0282429251295577 ,0.1426535153191748 ,-3.09356695882 ,0.0533580106387 ,3.12907211167
0.0 ,0.5 ,0.0 ,-0.0 ,0.0 ,1.0 ,-4.371139e-08 ,0.011923291 ,0.49095193 ,1.5369126 ,0.0021830106 ,0.99781173 ,-0.06605356 ,0.0019618962 ,0.02638707800036122 ,0.5222601109413987 ,0.033637904187843626 ,0.0023171969760306128 ,0.9977741105235695 ,-0.06638053532272763 ,0.005922794723968791 ,0.028744802 ,-0.5289644 ,-0.17167282 ,-0.00019761531 ,0.0016115564 ,0.99999595 ,-0.0023395047 ,0.10854338507870054 ,0.5256584595579055 ,-0.09314010696275854 ,0.017703392900059903 ,0.999093668315079 ,-0.02859728177247798 ,0.026088834542208946 ,0.02638707800036122 ,0.02226011094139868 ,0.033637904187843626 ,-3.00875447153 ,0.0121271532767 ,-0.00383814080315 ,0.10854338507870054 ,0.025658459557905466 ,-0.09314010696275854 ,-3.08526431205 ,0.0531679625847 ,-0.0339371040037 ,0.028744802 ,-1.0289644 ,-0.17167282 ,0.00322403018173 ,0.00038768854795 ,0.00467955728397 ,-0.002357723878567919 ,1.0512245112328416 ,0.2053107252327655 ,-3.01197530348 ,0.0117119569726 ,-0.00855546313574
-0.5 ,0.5 ,0.0 ,-0.0 ,0.0 ,1.0 ,-4.371139e-08 ,-0.48909608 ,0.48103848 ,1.516231 ,0.008532179 ,0.99910265 ,-0.03522931 ,0.02190958 ,-0.4578954318959447 ,0.5111749201427243 ,0.010823160639817475 ,0.008537347638267726 ,0.9989971660246307 ,-0.03552928100130592 ,0.025873657677063247 ,-0.534842 ,-0.46403253 ,-0.21153504 ,0.0005694469 ,-0.0071008317 ,0.99867713 ,-0.050923787 ,-0.4277299032249653 ,0.4482537360930998 ,-0.08109671245131578 ,0.06597781283824934 ,0.9972472755807731 ,-0.018592951837866037 ,0.028268386967799906 ,0.04210456810405527 ,0.011174920142724254 ,0.010823160639817475 ,-3.07089156218 ,0.0523259478822 ,-0.0152405633699 ,0.07227009677503471 ,-0.05174626390690018 ,-0.08109671245131578 ,-3.10817518901 ,0.0588685840922 ,-0.131143402897 ,-0.034842014 ,-0.96403253 ,-0.21153504 ,-0.0142413559812 ,-0.000414184696138 ,0.101897094314 ,0.07694658241679941 ,0.9752074509273312 ,0.22235819720369077 ,-3.05677533023 ,0.0543963812284 ,-0.116381794334
-0.5 ,0.0 ,0.0 ,0.0 ,0.0 ,-0.70710677 ,0.70710677 ,-0.52490187 ,-0.02176959 ,1.5271125 ,-0.6990432 ,0.7142488 ,-0.02328064 ,0.025402183 ,-0.4939376202796284 ,0.029612646227391015 ,0.020948965258960506 ,-0.6990447725928529 ,0.714045890624366 ,-0.02628655000248629 ,0.027998022823571216 ,-0.55549365 ,0.054965425 ,-0.26048526 ,0.00323463 ,-0.002478231 ,0.7342284 ,0.67889035 ,-0.49463915662877544 ,-0.055323683069081864 ,-0.012236878415553099 ,-0.6672336608620207 ,0.7440019463491614 ,-0.03525479679888642 ,0.004176714497601056 ,0.006062379720371602 ,0.029612646227391015 ,0.020948965258960506 ,-3.06483354914 ,0.00323280117908 ,-0.0211067106566 ,0.005360843371224555 ,-0.055323683069081864 ,-0.012236878415553099 ,-3.0834785473 ,-0.0408427610642 ,-0.109875991026 ,-0.055493653 ,0.054965425 ,-0.26048526 ,0.000752768001866 ,-0.00811489736812 ,-3.06331528754 ,0.06155603254095876 ,-0.025352779055325736 ,0.2814342269376562 ,-3.06327932195 ,-0.00476736123666 ,3.04220433001
-0.5 ,-0.5 ,0.0 ,0.0 ,0.0 ,-0.70710677 ,0.70710677 ,-0.53383404 ,-0.53845704 ,1.503443 ,-0.7023899 ,0.7102544 ,0.012857329 ,0.044964183 ,-0.5037692789479133 ,-0.46517634523691564 ,-0.0007065221497910557 ,-0.7025406601277914 ,0.7099858228075254 ,0.009841709950502075 ,0.047538332162355104 ,-0.55472744 ,0.5556758 ,-0.32775024 ,-0.0014379969 ,-0.0037255092 ,0.7357604 ,0.6772302 ,-0.5406892002505121 ,-0.5395513507580117 ,0.07346557214993088 ,-0.6654577344131084 ,0.7456636505552023 ,-0.033934842715624775 ,-0.0003878148112933909 ,-0.003769278947913346 ,0.034823654763084355 ,-0.0007065221497910557 ,-3.08857197219 ,0.0814214199187 ,-0.00838131990175 ,-0.04068920025051215 ,-0.03955135075801175 ,0.07346557214993088 ,-3.09142731843 ,-0.0457587329892 ,-0.114702862535 ,-0.054727435 ,1.0556757 ,-0.32775024 ,-0.00742997403473 ,-0.00293001635023 ,-3.05878324099 ,0.050958156164086166 ,-1.0208521498519363 ,0.3270437136461837 ,-3.09572590884 ,0.0778249799233 ,3.04984378515
0.0 ,-0.5 ,0.0 ,0.0 ,0.0 ,0.0 ,1.0 ,-0.02118965 ,-0.5532388 ,1.5095141 ,0.9982904 ,-0.010237634 ,-0.016970024 ,-0.05498617 ,-0.008200958870808406 ,-0.4777101049761546 ,0.008682607701385514 ,0.9983695563797312 ,-0.009898705954804035 ,-0.013019737867260102 ,-0.054687575740990285 ,-0.022541417 ,0.67688173 ,-0.3350125 ,0.0045745857 ,0.0018406224 ,0.05419536 ,0.99851817 ,-0.052270125995271144 ,-0.6419501126935244 ,0.1118953823155509 ,0.9969366282096822 ,-0.069276162536369 ,0.029584141211033612 ,0.021046406509179428 ,-0.008200958870808406 ,0.022289895023845374 ,0.008682607701385514 ,-3.03239674953 ,0.027083003027 ,-0.0183488556973 ,-0.052270125995271144 ,-0.14195011269352442 ,0.1118953823155509 ,3.10364587362 ,-0.0619426601606 ,-0.137579237648 ,-0.022541417 ,1.1768818 ,-0.3350125 ,0.00933530319691 ,0.00317995258477 ,0.108460012216 ,0.014340457938154416 ,-1.1545918355326426 ,0.3436951032191162 ,-3.04125722064 ,0.0227470383173 ,-0.127014762826
0.5 ,-0.5 ,0.0 ,0.0 ,0.0 ,0.0 ,1.0 ,0.4924988 ,-0.55444574 ,1.4979911 ,0.99909663 ,-0.007167326 ,-0.030058553 ,-0.029171761 ,0.4885476889269258 ,-0.4772531315567081 ,0.0017824430191650809 ,0.9992185426170805 ,-0.0069349690634645965 ,-0.02610272833733706 ,-0.02885927697696798 ,0.5372817 ,0.49010998 ,-0.09921956 ,8.081453e-05 ,-0.0009080794 ,0.0021724515 ,0.9999972 ,0.5000173325876229 ,-0.4558830789067114 ,-0.08480746764345803 ,0.9991619350622192 ,-0.01751129588523982 ,0.02540039741239041 ,0.026899848520653205 ,-0.011452311073074206 ,0.02274686844329188 ,0.0017824430191650809 ,-3.08417035379 ,0.0525891736582 ,-0.0123699039438 ,1.7332587622931328e-05 ,0.044116921093288575 ,-0.08480746764345803 ,3.08863208389 ,-0.0517233824541 ,-0.0336781039837 ,0.037281692 ,0.99011 ,-0.09921956 ,0.00015768335323 ,-0.00181650590216 ,0.0043447650528 ,-0.04873400310111986 ,-0.9673631116630619 ,0.10100200364233403 ,-3.08435865456 ,0.0544027893584 ,-0.016724880748
1.0 ,-0.5 ,0.0 ,0.0 ,0.0 ,0.0 ,1.0 ,0.99276155 ,-0.55767584 ,1.4642338 ,0.99966097 ,-0.022642344 ,0.009804244 ,-0.008315849 ,0.9724804756334862 ,-0.47878956091087344 ,-0.02579925114495829 ,0.9996199116824018 ,-0.022478953318913444 ,0.013769855630666971 ,-0.008069690307800118 ,1.0306548 ,0.497985 ,-0.16542625 ,0.0039449083 ,0.002561539 ,0.012894356 ,0.9999058 ,0.9592327921403019 ,-0.4460469430326697 ,-6.853839933684824e-05 ,0.9989198069758319 ,-0.028027638538586887 ,0.029213978896098763 ,0.02280820348855492 ,-0.027519524366513837 ,0.021210439089126565 ,-0.02579925114495829 ,-3.12483337379 ,-0.0271697900104 ,-0.0451951146999 ,-0.04076720785969812 ,0.053953056967330326 ,-6.853839933684824e-05 ,3.09757055643 ,-0.0596787830775 ,-0.054786979654 ,0.030654788 ,0.997985 ,-0.16542625 ,0.00795531611464 ,0.00502088218593 ,0.0258096822635 ,-0.058174312383786786 ,-0.9767745662895966 ,0.13962700312750265 ,-3.13241650293 ,-0.0327414744396 ,-0.0707577000386
1.0 ,0.0 ,0.0 ,0.0 ,0.0 ,0.70710677 ,0.70710677 ,1.018724 ,-0.06349501 ,1.4779179 ,0.7143595 ,0.6997077 ,0.0029307592 ,-0.009537998 ,0.9987944368547468 ,-0.005503939723634055 ,-0.01324913695861163 ,0.7142566307411421 ,0.6998316734870034 ,0.005522823177070751 ,-0.0065263045321944085 ,1.0051738 ,-0.0026637174 ,-0.2250156 ,0.0011830156 ,0.002098529 ,-0.7052359 ,0.70896864 ,0.976320227533452 ,0.04381459044568753 ,0.028627630698081608 ,0.7191614806771172 ,0.6938796028670032 ,0.001646012131938292 ,0.03653973288747278 ,-0.001205563145253219 ,-0.005503939723634055 ,-0.01324913695861163 ,-3.13999960265 ,-0.0170248778157 ,-0.0204146306554 ,-0.023679772466547955 ,0.04381459044568753 ,0.028627630698081608 ,3.08666063712 ,0.0483597009301 ,-0.0371086647936 ,0.0051738024 ,-0.0026637174 ,-0.2250156 ,-0.00128248802048 ,0.00464420922025 ,-3.13631671746 ,-0.006379365521046676 ,-0.0028402223512911107 ,0.21176645859669385 ,-3.1414010743 ,-0.0124151327874 ,3.11591973771
1.0 ,0.5 ,0.0 ,0.0 ,0.0 ,0.70710677 ,0.70710677 ,1.0345228 ,0.4938901 ,1.5070667 ,0.70740736 ,0.70671326 ,-0.0068336376 ,0.009190576 ,1.0153316416389266 ,0.5282795394598392 ,0.013503983679509002 ,0.7073359774597038 ,0.706758832886621 ,-0.004269013379259267 ,0.012228763332193061 ,0.921847 ,-0.5379254 ,-0.23001575 ,0.0006474802 ,0.0014121399 ,-0.7280508 ,0.68552136 ,0.9446369512008506 ,0.5629697240259866 ,0.003076955997074693 ,0.6960866502139189 ,0.7170022033993626 ,-0.00028063163449423904 ,0.03702886658149329 ,0.01533164163892664 ,0.028279539459839187 ,0.013503983679509002 ,3.1303239867 ,0.0233269419904 ,-0.00094771330046 ,-0.05536304879914944 ,0.06296972402598655 ,0.003076955997074693 ,3.09034872675 ,0.0535157863959 ,0.0282286332767 ,-0.078153014 ,-1.0379255 ,-0.23001575 ,-0.00116850132623 ,0.00287890514675 ,3.08143608394 ,0.09348465582197107 ,1.066204961651459 ,0.24351973837921603 ,3.12932754603 ,0.0262699342743 ,-3.08241018692
1.0 ,1.0 ,0.0 ,0.0 ,0.0 ,0.70710677 ,0.70710677 ,1.0171959 ,0.986597 ,1.4929503 ,0.7093602 ,0.70469123 ,0.014710418 ,-0.0014128373 ,0.9999999953667211 ,1.0000000325847689 ,5.324579288590314e-08 ,0.7092072857549245 ,0.704786315845551 ,0.017281940925136973 ,0.0016153472839827844 ,0.9401926 ,-0.985112 ,-0.2495414 ,-0.001784682 ,0.0009856243 ,-0.7234396 ,0.6903847 ,0.9999999263460104 ,0.9999999454085882 ,-8.239953830369018e-09 ,0.7008207007032091 ,0.7122448840578393 ,-0.0004916572355877536 ,0.039463006378896756 ,-4.633278871679636e-09 ,3.2584768883126e-08 ,5.324579288590314e-08 ,3.1149315209 ,-0.0222378403132 ,-0.00595667503779 ,-7.365398957404068e-08 ,-5.459141183550287e-08 ,-8.239953830369018e-09 ,3.08686407993 ,0.056934530224 ,0.0146102255437 ,-0.05980742 ,-1.985112 ,-0.2495414 ,-0.00389032626165 ,-0.00122129974672 ,3.09484400308 ,0.05980741514363763 ,1.9851120440174166 ,0.24954145510889103 ,3.11099355669 ,-0.0232992926979 ,-3.10070864831
0.5 ,1.0 ,0.0 ,-0.0 ,0.0 ,1.0 ,-4.371139e-08 ,0.5072599 ,0.99777305 ,1.4829918 ,0.00953572 ,0.99986583 ,-0.0067302845 ,-0.0114954235 ,0.5070704262757737 ,1.0090873111632013 ,-0.012965896531957455 ,0.009439176379329414 ,0.9999023681425735 ,-0.007031006816743335 ,-0.007531339541942713 ,0.38023677 ,-0.96824527 ,-0.2742975 ,-0.005498216 ,0.0012182823 ,0.9999631 ,0.006489237 ,0.47201630115270055 ,0.9687478652605034 ,-0.003884828456097056 ,0.009014525863839211 ,0.9993458457344898 ,-0.02835398348401061 ,0.020558953214018672 ,0.0070704262757737 ,0.009087311163201273 ,-0.012965896531957455 ,-3.12738777299 ,-0.0149290292069 ,-0.0189857589719 ,-0.027983698847299454 ,-0.03125213473949662 ,-0.003884828456097056 ,-3.0852137942 ,0.041614214222 ,-0.0168668903376 ,-0.119763225 ,-1.9682453 ,-0.2742975 ,0.00236526171903 ,0.011012059942 ,-0.0129658344325 ,0.12683365159277504 ,1.9773325790312433 ,0.26133160908518427 ,-3.1296874764 ,-0.0259550587993 ,-0.00595989310049
0.0 ,1.0 ,0.0 ,-0.0 ,0.0 ,1.0 ,-4.371139e-08 ,-0.008550337 ,1.0060977 ,1.4957108 ,0.007441601 ,0.9998016 ,-0.018470582 ,0.00054754975 ,0.00828010174572491 ,1.015439823751765 ,-0.004978469973962341 ,0.007387519268964592 ,0.9997862042769923 ,-0.01877795330107865 ,0.004512068957515146 ,-0.11803386 ,-0.9881603 ,-0.2970298 ,-0.0026464036 ,0.003759513 ,0.9999312 ,-0.010789858 ,0.005212503453503992 ,0.9749864943397257 ,-0.008400413688393449 ,0.02626838052100561 ,0.9989057201198179 ,-0.03048239450366965 ,0.023836067671374948 ,0.00828010174572491 ,0.015439823751765003 ,-0.004978469973962341 ,-3.10410103886 ,0.00929978762636 ,-0.014603662821 ,0.005212503453503992 ,-0.02501350566027427 ,-0.008400413688393449 ,-3.08183890978 ,0.0492413118384 ,-0.0511103712744 ,-0.11803386 ,-1.9881604 ,-0.2970298 ,0.00757579264308 ,0.00521133756959 ,0.0216000159548 ,0.12631396534979367 ,2.003600135927516 ,0.29205132328851935 ,-3.11148329354 ,0.00381754807746 ,-0.0362323564415
-0.5 ,1.0 ,0.0 ,-0.0 ,0.0 ,1.0 ,-4.371139e-08 ,-0.5097267 ,0.972251 ,1.4609257 ,0.005813681 ,0.9998037 ,-0.003064155 ,-0.018689442 ,-0.47610999057798575 ,0.9814284729807454 ,-0.040836330043296565 ,0.005705081201292403 ,0.9998695572720124 ,-0.003380540385127477 ,-0.014727268445350954 ,-0.66356176 ,-1.0625887 ,-0.34759924 ,0.007556824 ,0.0036366207 ,0.999354 ,-0.034946654 ,-0.5024379834887909 ,1.0343645427620687 ,0.007497205082624969 ,0.05011709176789307 ,0.9976944440133495 ,-0.029866222075556163 ,0.03467105819780618 ,0.023890009422014247 ,-0.018571527019254574 ,-0.040836330043296565 ,-3.13466136007 ,-0.0294163645026 ,-0.0115135690422 ,-0.0024379834887908736 ,0.034364542762068684 ,0.007497205082624969 ,-3.08529667317 ,0.0722386729511 ,-0.0983467300314 ,-0.16356176 ,-2.0625887 ,-0.34759924 ,0.00674121745238 ,-0.0153586635468 ,0.0698581440765 ,0.1874517708012562 ,2.044017164692171 ,0.3067629081139758 ,3.14055584159 ,-0.0146559356675 ,-0.0812479045087
-1.0 ,1.0 ,0.0 ,-0.0 ,0.0 ,1.0 ,-4.371139e-08 ,-1.0512499 ,0.9933981 ,1.5093391 ,-0.00708017 ,0.99992436 ,0.004976499 ,-0.008736781 ,-1.0000001817938569 ,1.0000000321372586 ,5.177844308867918e-08 ,-0.007223883292498462 ,0.9999518574143095 ,0.004610208158137428 ,-0.004779575774839849 ,-1.1910226 ,-1.0418743 ,-0.36644945 ,0.01119237 ,0.0080687255 ,0.9998285 ,-0.012352945 ,-1.0000001693924108 ,0.9999999398811069 ,-1.0646189263496808e-08 ,0.027567345949479877 ,0.9982993355902591 ,-0.03495621817130316 ,0.03763696067045377 ,-1.8179385685712646e-07 ,3.213725863204786e-08 ,5.177844308867918e-08 ,3.13230307487 ,-0.00949222668074 ,0.0144922134453 ,-1.69392410764857e-07 ,-6.011889308599194e-08 ,-1.0646189263496808e-08 ,-3.07361985293 ,0.0771497167394 ,-0.052590321394 ,-0.19102263 ,-2.0418744 ,-0.36644945 ,0.0158628752296 ,-0.0225821653851 ,0.0245296628972 ,0.19102245271236873 ,2.041874321649893 ,0.3664494972645118 ,3.11621300944 ,0.0129279345968 ,-0.0102442125575
-1.0 ,0.5 ,0.0 ,0.0 ,0.0 ,-0.70710677 ,0.70710677 ,-1.049635 ,0.4651797 ,1.5067579 ,-0.705713 ,0.7084959 ,-0.0009811929 ,-0.001308681 ,-0.999826600143958 ,0.494216158780364 ,-0.0020475717918755354 ,-0.7057930777762162 ,0.7084055502263336 ,-0.004015148555517044 ,0.0012595053705738853 ,-1.1608125 ,-0.43714514 ,-0.42215177 ,0.004222923 ,-0.013914503 ,0.7295064 ,0.6838195 ,-1.0269787968847575 ,0.4147293224729388 ,0.08166171559578472 ,-0.6725579306036696 ,0.7396427712881253 ,-0.023844773575002205 ,0.005082089775684657 ,0.00017339985604203356 ,-0.005783841219635988 ,-0.0020475717918755354 ,-3.13412592052 ,-0.00388325668305 ,-0.00370912648971 ,-0.02697879688475746 ,-0.08527067752706119 ,0.08166171559578472 ,-3.09945825766 ,-0.0245585897841 ,-0.0954536313716 ,-0.1608125 ,-0.9371451 ,-0.42215177 ,-0.0145311252908 ,-0.0251939783433 ,-3.07678048061 ,0.16098589699501908 ,0.9313613025276937 ,0.420104202376139 ,3.13628137902 ,-0.0300103340487 ,3.07347097279
-1.0 ,0.0 ,0.0 ,0.0 ,0.0 ,-0.70710677 ,0.70710677 ,-1.0482123 ,-0.046055075 ,1.5153681 ,-0.69828707 ,0.7156397 ,0.0033412874 ,0.015614279 ,-0.9998791357305261 ,0.004700995106228678 ,0.006253760652136453 ,-0.6983909431936808 ,0.7154846464183197 ,0.00033644874661074555 ,0.018212578261574866 ,-1.1749029 ,0.07599569 ,-0.49642134 ,-0.19286828 ,-0.062344026 ,0.73443973 ,0.6476985 ,-1.0883719119375648 ,-0.08167736686141502 ,0.1736288275956973 ,-0.6323308623761056 ,0.7505020476267016 ,0.02837837700979116 ,-0.18999743343821623 ,0.00012086426947388595 ,0.004700995106228678 ,0.006253760652136453 ,-3.11662371884 ,0.026534699445 ,-0.0238474392799 ,-0.08837191193756477 ,-0.08167736686141502 ,0.1736288275956973 ,2.84516964496 ,-0.251955174947 ,-0.132683226303 ,-0.17490292 ,0.07599569 ,-0.49642134 ,-0.356122669731 ,0.203950962161 ,-3.05306775933 ,0.17502378022406373 ,-0.07129469601439586 ,0.502675097779822 ,2.78387250783 ,0.174725566133 ,2.95336881018
-1.0 ,-0.5 ,0.0 ,0.0 ,0.0 ,-0.70710677 ,0.70710677 ,-1.0720205 ,-0.57291883 ,1.5173628 ,0.7089154 ,-0.7052107 ,-0.0063788486 ,-0.00872495 ,-1.0243174538062791 ,-0.4998631228707272 ,0.008255249104346163 ,0.7090275879516791 ,-0.705082666363561 ,-0.0033345337278438397 ,-0.011278031827086058 ,-1.252925 ,0.5609823 ,-0.6321313 ,-0.082345024 ,-0.0014743604 ,0.74517566 ,0.6617631 ,-1.2100857770509181 ,-0.549398377607796 ,0.3171018042342981 ,-0.6476114605021958 ,0.7568969323294168 ,-0.03479349498931668 ,-0.08059679126962332 ,-0.024317453806279143 ,0.00013687712927279438 ,0.008255249104346163 ,-3.13029938203 ,0.0206339064602 ,0.00569587223766 ,-0.21008577705091813 ,-0.049398377607795974 ,0.3171018042342981 ,3.08911061768 ,-0.167859440603 ,-0.150891846829 ,-0.25292504 ,1.0609822 ,-0.6321313 ,-0.11223843745 ,0.121067195516 ,-3.02996775395 ,0.22860758453142838 ,-1.0608454098008115 ,0.6403865276192082 ,3.02746711072 ,0.128177225267 ,3.01950506039
-1.0 ,-1.0 ,0.0 ,0.0 ,0.0 ,-0.70710677 ,0.70710677 ,-1.0731255 ,-1.0932052 ,1.5280027 ,-0.70224017 ,0.7119285 ,-1.8663177e-05 ,-0.004072579 ,-1.026853588032255 ,-0.998052210912951 ,0.018422743216842674 ,-0.7023235907381913 ,0.7118497809853973 ,-0.0030403806644435983 ,-0.0014897278512324176 ,-1.2434553 ,1.0728219 ,-0.62521654 ,-0.04563441 ,-0.014405034 ,0.7378069 ,0.6733134 ,-1.245568084803847 ,-1.0479594592108217 ,0.33617164309149317 ,-0.6605975779696066 ,0.7490974614643318 ,-0.02253970517144107 ,-0.04422436996914899 ,-0.026853588032254905 ,0.0019477890870489567 ,0.018422743216842674 ,-3.13935655946 ,-0.00639163053958 ,-0.013479392718 ,-0.24556808480384706 ,-0.047959459210821676 ,0.33617164309149317 ,3.11681545487 ,-0.0961843142105 ,-0.12420177228 ,-0.24345529 ,2.0728219 ,-0.62521654 ,-0.082898915988 ,0.047958949581 ,-3.05223804376 ,0.21660170276211765 ,-2.070874066457995 ,0.6436392868913117 ,3.0563999248 ,0.0326661749457 ,3.03561976426
-0.5 ,-1.0 ,0.0 ,0.0 ,0.0 ,0.0 ,1.0 ,-0.53923005 ,-1.0540718 ,1.4938865 ,0.99991316 ,-0.012982034 ,-0.0013289317 ,0.0018459572 ,-0.5102871696060598 ,-0.958918268333288 ,-0.009271102681397414 ,0.9999115257440104 ,-0.01286268611152384 ,0.0026358005870714732 ,0.002131793973756863 ,-0.67946655 ,1.1221405 ,-0.6504907 ,-0.0036438263 ,0.00305229 ,0.075137034 ,0.99716187 ,-0.7218532269189728 ,-1.0785245546484437 ,0.3890651849515203 ,0.9950065490596394 ,-0.09036265983403713 ,0.031199820365016052 ,0.02869021166419192 ,-0.010287169606059798 ,0.04108173166671203 ,-0.009271102681397414 ,3.137397178 ,-0.00532600114641 ,-0.0257150568821 ,-0.2218532269189728 ,-0.07852455464844366 ,0.3890651849515203 ,3.08999763421 ,-0.0673239451179 ,-0.179397574813 ,-0.17946655 ,2.1221404 ,-0.6504907 ,-0.0068084920903 ,0.00663487610384 ,0.150394944856 ,0.16917937597575783 ,-2.081058795104833 ,0.6412195985171805 ,-3.13792206762 ,-0.0106650687809 ,-0.176195481908
0.0 ,-1.0 ,0.0 ,0.0 ,0.0 ,0.0 ,1.0 ,-0.011282051 ,-1.0987178 ,1.4996887 ,0.99985325 ,-0.0077922046 ,-0.0067215348 ,-0.013695211 ,4.519016638671047e-08 ,-0.9999999927428425 ,5.330383556767515e-08 ,0.9998775818022806 ,-0.007613173378763117 ,-0.0027607207016414176 ,-0.01338803277319297 ,0.059790608 ,1.039356 ,-0.1884649 ,-0.00095723645 ,0.0019667707 ,0.003480713 ,0.99999154 ,-6.505174643400835e-08 ,-1.0000000963557243 ,-4.217456911481676e-09 ,0.9990326854649505 ,-0.01876786455433525 ,0.02829220762044293 ,0.027946585135238875 ,4.519016638671047e-08 ,7.257157541573633e-09 ,5.330383556767515e-08 ,-3.11485827909 ,0.00572464757537 ,-0.0151513894917 ,-6.505174643400835e-08 ,-9.635572428834394e-08 ,-4.217456911481676e-09 ,3.08669692281 ,-0.0576105384559 ,-0.0359855333291 ,0.059790608 ,2.039356 ,-0.1884649 ,-0.00190078112025 ,0.00394018221948 ,0.00695771232117 ,-0.05979056235163316 ,-2.0393559860137165 ,0.18846494819462078 ,-3.11287085262 ,0.00182744557393 ,-0.022105341917
0.5 ,-1.0 ,0.0 ,0.0 ,0.0 ,0.0 ,1.0 ,0.53409314 ,-1.1429443 ,1.5553371 ,0.99905187 ,-0.00038264642 ,-0.038864236 ,-0.019616202 ,0.5267563399985582 ,-1.0405940950710362 ,0.055545787680622905 ,0.9992045469667326 ,-0.0001911618491083149 ,-0.03490959180106104 ,-0.019275818489430323 ,0.5501325 ,1.0469509 ,-0.20420484 ,0.007758978 ,0.0033777708 ,0.0039621037 ,0.99995637 ,0.45869060336683654 ,-0.9925256928853079 ,0.03858867154138279 ,0.9991888868383678 ,-0.0189813659563756 ,0.029847654574991864 ,0.01924561460451137 ,0.0267563399985582 ,-0.040594095071036174 ,0.055545787680622905 ,-3.10298136524 ,0.0698277471751 ,0.000966156974836 ,-0.041309396633163464 ,0.0074743071146921025 ,0.03858867154138279 ,3.10418879946 ,-0.06041424971 ,-0.0368586412929 ,0.050132513 ,2.0469508 ,-0.20420484 ,0.0155450182771 ,0.00669381269927 ,0.00797654073111 ,-0.02337617304770645 ,-2.08754503138848 ,0.25975063012885746 ,-3.11850990187 ,0.0630175385073 ,-0.00798906954821
1.0 ,-1.0 ,0.0 ,0.0 ,0.0 ,0.0 ,1.0 ,1.0878443 ,-1.1575907 ,1.5800703 ,0.99964434 ,-0.012419176 ,-0.016042693 ,-0.017307278 ,1.0619264822330545 ,-1.0528570179441332 ,0.08251348255712943 ,0.9997074076606424 ,-0.012228972223906896 ,-0.012081531400071665 ,-0.017017282562556947 ,1.0524719 ,1.0418195 ,-0.20402744 ,0.011386173 ,0.004140822 ,0.005616403 ,0.99991083 ,0.9304727987661514 ,-0.9731160037602539 ,0.06263710021838298 ,0.9991961605773647 ,-0.020517750806675214 ,0.030709193271121205 ,0.015588458484571835 ,0.061926482233054525 ,-0.05285701794413322 ,0.08251348255712943 ,-3.10784694441 ,0.0245746740507 ,-0.0240491774579 ,-0.06952720123384859 ,0.026883996239746133 ,0.06263710021838298 ,3.11163885176 ,-0.0620485032009 ,-0.0401330813129 ,0.052471876 ,2.0418196 ,-0.20402744 ,0.0228195668312 ,0.00815309757278 ,0.0113267195632 ,0.009454606088645345 ,-2.094676471183574 ,0.2865409266813512 ,-3.13036661873 ,0.0156155153908 ,-0.0357353955811
1.5 ,-1.0 ,0.0 ,0.0 ,0.0 ,0.0 ,1.0 ,1.6305696 ,-1.1367369 ,1.5765041 ,-0.6227851 ,0.0043946165 ,0.6573258 ,0.42431384 ,1.586747529759507 ,-1.0311795455267705 ,0.0831788538840974 ,-0.6255270710305321 ,0.002856604851390923 ,0.6549064961314434 ,0.42403443791928297 ,1.558502 ,0.976495 ,-0.20854542 ,-0.010167 ,0.0016782569 ,-0.020019257 ,0.9997465 ,1.4107589888859438 ,-0.8947410476437551 ,0.08821456504864944 ,0.9989062408859732 ,0.004466860204331149 ,0.0272207110970631 ,0.03775449597517516 ,0.08674752975950706 ,-0.03117954552677049 ,0.0831788538840974 ,-1.17934706249 ,0.96446837202 ,1.31863222814 ,-0.08924101111405625 ,0.10525895235624494 ,0.08821456504864944 ,3.06573959868 ,-0.0540709319846 ,0.0109956486552 ,0.05850196 ,1.976495 ,-0.20854542 ,-0.0203975426557 ,0.00294859555954 ,-0.0400733887414 ,0.02824557091246116 ,-2.0076745730688845 ,0.29172427047764904 ,-1.17694085814 ,0.94390585455 ,1.36063873508
1.5 ,-0.5 ,0.0 ,0.0 ,0.0 ,0.70710677 ,0.70710677 ,1.5349009 ,-0.5621175 ,1.4992844 ,0.7201505 ,0.6933287 ,0.016974822 ,0.0197618 ,1.4963718919542288 ,-0.4813113012004566 ,0.01062871357523143 ,0.7199828117470307 ,0.6933421124558066 ,0.019595580956312315 ,0.02274816676447123 ,1.6093397 ,0.4289502 ,-0.28965145 ,0.0031922292 ,0.0039476273 ,-0.69704646 ,0.717008 ,1.502568902528835 ,-0.3559300082453063 ,0.13795211941088814 ,0.7270745501712972 ,0.6856765551347483 ,0.003956909793448923 ,0.034563030779097365 ,-0.0036281080457711834 ,0.01868869879954338 ,0.01062871357523143 ,3.08162692879 ,0.00332756718932 ,-0.0377946630362 ,0.0025689025288349043 ,0.1440699917546937 ,0.13795211941088814 ,3.08582928817 ,0.0416562291669 ,-0.0597513603455 ,0.109339714 ,0.9289502 ,-0.28965145 ,-0.000925698951542 ,0.0101113969879 ,-3.1133661576 ,-0.11296782209606415 ,-0.910261491744585 ,0.30028016707025706 ,3.08003603451 ,0.0133558517431 ,3.07555354367
1.5 ,0.0 ,0.0 ,0.0 ,0.0 ,0.70710677 ,0.70710677 ,1.546832 ,-0.030175256 ,1.4867445 ,0.71196806 ,0.70147604 ,0.024652045 ,0.020617008 ,1.5094209403982835 ,0.028071652505642336 ,-0.0012256416120117741 ,0.7117687738297217 ,0.701487600360635 ,0.027237700778290304 ,0.023631902113976908 ,1.5403966 ,-0.04804973 ,-0.12576486 ,-0.0003000822 ,0.006887883 ,-0.7073597 ,0.7068202 ,1.486974807867553 ,0.09837136088645809 ,-0.037964819550918905 ,0.7168815084947426 ,0.6961251555578327 ,0.006294838400909338 ,0.03809259229025653 ,0.00942094039828345 ,0.028071652505642336 ,-0.0012256416120117741 ,3.06967482132 ,-0.0056189467254 ,-0.0143472270816 ,-0.013025192132446906 ,0.09837136088645809 ,-0.037964819550918905 ,3.07810881302 ,0.0440233355264 ,-0.0307749554454 ,0.04039657 ,-0.04804973 ,-0.12576486 ,-0.0101692455899 ,0.00931259179762 ,3.14078234143 ,-0.030975630761079342 ,0.07612138182306902 ,0.12453922009090723 ,3.05938038428 ,0.00355494854006 ,3.12801901096
1.5 ,0.5 ,0.0 ,0.0 ,0.0 ,0.70710677 ,0.70710677 ,1.586641 ,0.503792 ,1.5316482 ,0.70312107 ,0.7105493 ,0.013539763 ,0.023603681 ,1.5489895464665535 ,0.5395172125154775 ,0.04030386524116425 ,0.702963677057957 ,0.7105440689850989 ,0.016087788217485986 ,0.0266529142407399 ,1.5258971 ,-0.5693065 ,-0.08132783 ,0.00429338 ,0.0049760155 ,-0.709856 ,0.7043162 ,1.5208951002628828 ,0.6033673570715397 ,-0.10453339552782914 ,0.7145922774492219 ,0.6987266013205874 ,0.004321664682976706 ,0.03347143306288862 ,0.04898954646655351 ,0.03951721251547746 ,0.04030386524116425 ,3.08121472529 ,0.0152584708227 ,0.0102647569374 ,0.02089510026288277 ,0.10336735707153966 ,-0.10453339552782914 ,3.08764585665 ,0.0406094657 ,-0.0235465065766 ,0.025897145 ,-1.0693065 ,-0.08132783 ,-0.00101680225608 ,0.0131051144006 ,3.13375137683 ,0.023092401195252243 ,1.1088237053209584 ,0.12163169847642807 ,3.0804350376 ,0.0283798364637 ,-3.12351029378
1.5 ,1.0 ,0.0 ,0.0 ,0.0 ,0.70710677 ,0.70710677 ,1.5917859 ,1.0611278 ,1.5598122 ,0.691146 ,0.72249633 ,0.009974464 ,0.0147221945 ,1.5552333995000354 ,1.0732192563214453 ,0.06606718170609116 ,0.6910043175116949 ,0.7225234608850069 ,0.01246993466344659 ,0.017815228890987585 ,1.5237387 ,-1.0837597 ,-0.12565435 ,-0.0012565601 ,0.0022191673 ,-0.7256308 ,0.6880795 ,1.5617643473275826 ,1.1065722295736327 ,-0.08928204467568746 ,0.6985328860664738 ,0.7145168699945471 ,0.0006291709327324245 ,0.03894937381750432 ,0.05523339950003536 ,0.07321925632144533 ,0.06606718170609116 ,3.09893773501 ,0.00851038701597 ,0.0444075032275 ,0.061764347327582625 ,0.10657222957363266 ,-0.08928204467568746 ,3.08616715211 ,0.0548084124392 ,0.0211027586179 ,0.023738742 ,-2.0837598 ,-0.12565435 ,-0.00494984297821 ,0.00123032985984 ,3.08847757317 ,0.03149465762534054 ,2.156978921810642 ,0.1917215363975966 ,3.0941309556 ,0.010216712804 ,-3.04411812288
1.5 ,1.5 ,0.0 ,0.0 ,0.0 ,0.70710677 ,0.70710677 ,1.5567768 ,1.5169929 ,1.5262653 ,0.7180148 ,0.69590515 ,0.012956296 ,-0.0017075359 ,1.5228560775158917 ,1.5095946623246073 ,0.034468010292822315 ,0.7178699795510944 ,0.6960019832414105 ,0.015565033769765238 ,0.0012889946009182391 ,1.4852302 ,-1.5014249 ,-0.13166629 ,0.001853463 ,-0.00318543 ,-0.69983494 ,0.7142951 ,1.5618206072573841 ,1.5125371100041687 ,-0.10600530507998185 ,0.7245576170905087 ,0.6882761869452366 ,-0.0033373893975531775 ,0.03579122563224297 ,0.022856077515891693 ,0.009594662324607262 ,0.034468010292822315 ,3.11806826538 ,-0.0205545026572 ,-0.0306892368705 ,0.06182060725738414 ,0.012537110004168683 ,-0.10600530507998185 ,3.09423409184 ,0.0541311902946 ,-0.052630853915 ,-0.014769793 ,-3.0014248 ,-0.13166629 ,0.00710646298507 ,-0.00195643900585 ,-3.12114937492 ,0.03762587007265439 ,3.011019570962608 ,0.16613429807263036 ,3.12526719929 ,-0.0221445923225 ,3.09029950332
1.0 ,1.5 ,0.0 ,-0.0 ,0.0 ,1.0 ,-4.371139e-08 ,1.0260638 ,1.5193942 ,1.5165442 ,0.004620432 ,0.9998816 ,0.012920533 ,0.006964 ,1.0098129761910142 ,1.5102143814885496 ,0.0215750277227309 ,0.004439876308377687 ,0.9998510555883059 ,0.012602527678472326 ,0.010923847006910055 ,0.9610693 ,-1.5025713 ,-0.15375511 ,-0.006769525 ,0.0007805561 ,0.99996954 ,0.0038099 ,1.069115752688367 ,1.499721134730192 ,-0.11145448426763904 ,0.011714644251235189 ,0.9993564449919257 ,-0.027826993037749874 ,0.01936805157068033 ,0.009812976191014178 ,0.010214381488549584 ,0.0215750277227309 ,3.11628567378 ,0.0217342436807 ,-0.00915614399002 ,0.069115752688367 ,-0.0002788652698080263 ,-0.11145448426763904 ,-3.0863573942 ,0.0393733133187 ,-0.0223555753658 ,-0.038930714 ,-3.0025713 ,-0.15375511 ,0.00150962126151 ,0.0135449987685 ,-0.00760985862124 ,0.04874369032141579 ,3.01278572586416 ,0.17533014120520618 ,3.11479694822 ,0.00818691793944 ,-0.0015583331848
0.5 ,1.5 ,0.0 ,-0.0 ,0.0 ,1.0 ,-4.371139e-08 ,0.46133596 ,1.4935997 ,1.4944371 ,0.009042273 ,0.99982023 ,0.01663529 ,-0.0010017643 ,0.463902031536209 ,1.4837207460106883 ,-0.003016694660421315 ,0.008849663969749245 ,0.9998230523373093 ,0.016333776187643957 ,0.0029589217597416444 ,0.4230973 ,-1.543913 ,-0.17694718 ,-0.0067809103 ,-0.002391906 ,0.9999624 ,-0.004853233 ,0.566911246113988 ,1.525710757520048 ,-0.11852699909785436 ,0.020287532275536847 ,0.9993027133507324 ,-0.02442940189124947 ,0.01963943602216692 ,-0.036097968463790986 ,-0.016279253989311737 ,-0.003016694660421315 ,3.10887215439 ,0.00562772921591 ,-0.0177941650105 ,0.06691124611398802 ,0.025710757520047922 ,-0.11852699909785436 ,-3.09350732418 ,0.040253577907 ,-0.0396297667505 ,-0.07690269 ,-3.043913 ,-0.17694718 ,-0.00471826608589 ,0.0135849448558 ,0.00967461865459 ,0.04080471908580008 ,3.02763375279322 ,0.1739304817960301 ,3.1139619001 ,-0.00782241214001 ,-0.027506418236
0.0 ,1.5 ,0.0 ,-0.0 ,0.0 ,1.0 ,-4.371139e-08 ,-0.06275858 ,1.4763458 ,1.4816797 ,-0.008144844 ,0.9997395 ,0.021263015 ,0.0015421096 ,-0.04277111787703225 ,1.465539000997926 ,-0.018659909388251794 ,-0.00835649317620143 ,0.9997316707708686 ,0.02089374665375716 ,0.005496074076335627 ,-0.13857679 ,-1.5236759 ,-0.18424016 ,-0.0060591158 ,-0.00056079676 ,0.99995583 ,0.007164549 ,0.03781526563964288 ,1.4902454355822183 ,-0.13824514353345851 ,0.008308137805970927 ,0.9994117786957699 ,-0.026585314497089025 ,0.02000731124978029 ,-0.04277111787703225 ,-0.03446099900207411 ,-0.018659909388251794 ,3.09989346565 ,0.0113386384973 ,0.0164805525884 ,0.03781526563964288 ,-0.009754564417781664 ,-0.13824514353345851 ,-3.08871789606 ,0.0404438587658 ,-0.0155561353702 ,-0.13857679 ,-3.023676 ,-0.18424016 ,-0.00120845452194 ,0.0121099562394 ,-0.0143368905462 ,0.09580567281338981 ,2.9892149195770275 ,0.16558025298433732 ,3.10072821702 ,-0.000802800837102 ,0.030814523342
-0.5 ,1.5 ,0.0 ,-0.0 ,0.0 ,1.0 ,-4.371139e-08 ,-0.52469265 ,1.4805969 ,1.5059323 ,-0.010144138 ,0.9998474 ,0.012915033 ,-0.005949282 ,-0.4895700171174573 ,1.468168053443815 ,0.00040287212817968765 ,-0.010320197282045385 ,0.9998661616586271 ,0.012536924948181394 ,-0.001994445022491811 ,-0.5834071 ,-1.578516 ,-0.19605471 ,-0.0037421365 ,-9.5185576e-05 ,0.99992704 ,-0.011484195 ,-0.37530219588293545 ,1.5314808350563374 ,-0.15180738606580269 ,0.026890542096270044 ,0.9990239531381824 ,-0.026595765508794694 ,0.02281896270492287 ,0.01042998288254271 ,-0.03183194655618493 ,0.00040287212817968765 ,3.11647817873 ,-0.00372959774739 ,0.0206891729218 ,0.12469780411706455 ,0.031480835056337364 ,-0.15180738606580269 ,-3.08959935561 ,0.0470410770831 ,-0.0525973089255 ,-0.083407104 ,-3.078516 ,-0.19605471 ,-0.00010440934269 ,0.00748598326459 ,0.022968576789 ,0.09383708689789305 ,3.0466840599135416 ,0.19645758406608405 ,3.11659965885 ,-0.0112153234984 ,-0.00228070242565
-1.0 ,1.5 ,0.0 ,-0.0 ,0.0 ,1.0 ,-4.371139e-08 ,-1.0704682 ,1.516796 ,1.5315368 ,-0.014559328 ,0.99972755 ,0.016655428 ,-0.007442879 ,-1.0173569012904609 ,1.5011248556808123 ,0.020082370012662665 ,-0.014749647258243317 ,0.9997529135443569 ,0.016259655443320743 ,-0.0034904684773503086 ,-1.0486518 ,-1.6344733 ,-0.30812627 ,0.00074884 ,-0.0022759372 ,0.9997562 ,0.021949477 ,-0.8120350505489862 ,1.5782790862229776 ,-0.07505642025212911 ,-0.006696790547459085 ,0.9993065168129643 ,-0.02535855209051941 ,0.02643070728104941 ,-0.017356901290460858 ,0.0011248556808123311 ,0.020082370012662665 ,3.10897193748 ,-0.00649960945756 ,0.0296103779854 ,0.18796494945101383 ,0.07827908622297763 ,-0.07505642025212911 ,-3.09046400615 ,0.0525092408344 ,0.0147455518263 ,-0.048651814 ,-3.1344733 ,-0.30812627 ,-0.00451791258203 ,-0.00159722678681 ,-0.0438990857744 ,0.03129491317029354 ,3.135598179502834 ,0.3282086407836893 ,3.11359501787 ,-0.00523845247516 ,0.0734859389323
-1.5 ,1.5 ,0.0 ,-0.0 ,0.0 ,1.0 ,-4.371139e-08 ,-1.6033444 ,1.5265472 ,1.5599643 ,0.0038443368 ,0.99990386 ,0.008819233 ,-0.009983644 ,-1.5327641042177242 ,1.5087993159910125 ,0.0424864996622647 ,0.003685741248408204 ,0.9999389743991571 ,0.008496026212007596 ,-0.006023315334306311 ,-1.5546577 ,-1.459376 ,-0.17850734 ,0.0015645946 ,-0.0004285621 ,0.99999833 ,-0.0008685586 ,-1.2961927767701884 ,1.3866813488879572 ,-0.20929156722902986 ,0.016132481781972845 ,0.9991274947502191 ,-0.026624519503245608 ,0.027841106783430034 ,-0.032764104217724244 ,0.008799315991012469 ,0.0424864996622647 ,3.12464398499 ,-0.0121088197284 ,-0.00726936851402 ,0.2038072232298116 ,-0.11331865111204276 ,-0.20929156722902986 ,-3.08918071138 ,0.0565227615867 ,-0.0308084536271 ,-0.054657698 ,-2.9593759 ,-0.17850734 ,-0.000859844947404 ,-0.00312844440294 ,0.00173837721452 ,0.02189359345988806 ,2.968175293507187 ,0.22099384259687316 ,3.12547564873 ,-0.00897275401729 ,-0.00901516697797
-1.5 ,1.0 ,0.0 ,0.0 ,0.0 ,-0.70710677 ,0.70710677 ,-1.5669606 ,0.9948844 ,1.5345498 ,-0.7044416 ,0.709354 ,0.02374491 ,-0.0038889805 ,-1.4988081408224259 ,0.9998126939960923 ,0.019557193566662967 ,-0.7046188661063134 ,0.7092823079481605 ,0.020715176272883603 ,-0.0013200874091086297 ,-1.4969081 ,-0.96978116 ,-0.16016482 ,0.004290179 ,-0.0004224883 ,0.71186936 ,0.7022987 ,-1.2839143518891791 ,0.910593726874924 ,-0.199367335817624 ,-0.6909397198339793 ,0.7219366968276435 ,-0.037334576400380154 ,0.003979790740447044 ,0.0011918591775741394 ,-0.0001873060039077057 ,0.019557193566662967 ,3.11032976092 ,0.0273233784066 ,-0.00702370118887 ,0.21608564811082087 ,-0.08940627312507599 ,-0.199367335817624 ,-3.08208902455 ,-0.0458616445898 ,-0.0452359032348 ,0.0030919313 ,-1.9697812 ,-0.16016482 ,0.0054246094143 ,-0.00670156967127 ,-3.1280756469 ,-0.0019000721655044739 ,1.9695938543507066 ,0.17972201173434943 ,3.11589206593 ,0.0207343179024 ,3.12116741289
-1.5 ,0.5 ,0.0 ,0.0 ,0.0 ,-0.70710677 ,0.70710677 ,-1.5563176 ,0.5011457 ,1.5298437 ,-0.6962409 ,0.7173784 ,0.021016095 ,-0.013233366 ,-1.489797434541747 ,0.5270714817320209 ,0.015587000970262554 ,-0.696405311004138 ,0.7173437928864518 ,0.01801497060030632 ,-0.010629508303705336 ,-1.5022463 ,-0.47621137 ,-0.15911412 ,0.0021877442 ,0.0050320746 ,0.7201744 ,0.6937714 ,-1.3319621525372636 ,0.4296966051573401 ,-0.17656392148263333 ,-0.6820922438679088 ,0.7300118445818609 ,-0.042753259032745926 ,0.0022442075460176705 ,0.010202565458252932 ,0.027071481732020897 ,0.015587000970262554 ,3.10092873237 ,0.00984157767068 ,-0.029819175506 ,0.16803784746273642 ,-0.0703033948426599 ,-0.17656392148263333 ,-3.07596383114 ,-0.0550745744834 ,-0.0696520962527 ,-0.0022462606 ,-0.97621137 ,-0.15911412 ,0.0102837877844 ,0.00383111376583 ,-3.10423081249 ,0.012448826101258303 ,1.003282850769649 ,0.17470112336100962 ,3.1109331683 ,0.0143537041904 ,3.0745523648
-1.5 ,0.0 ,0.0 ,0.0 ,0.0 ,-0.70710677 ,0.70710677 ,-1.5511243 ,-0.039893728 ,1.5200719 ,0.7092413 ,-0.7041194 ,-0.034105055 ,0.0054388028 ,-1.486143132089561 ,0.009017785496943764 ,0.0069166526719413035 ,0.7094583261740406 ,-0.7040567618050957 ,-0.031057798912730892 ,0.0028935627776225954 ,-1.4876075 ,0.018020337 ,-0.19821283 ,0.0024119793 ,0.0024392814 ,0.71292627 ,0.7012306 ,-1.3631497551723104 ,-0.04924498180816139 ,-0.11616847266557673 ,-0.6897303988176915 ,0.7229482770204133 ,-0.04016576249891374 ,0.0021159449153306613 ,0.013856867910438941 ,0.009017785496943764 ,0.0069166526719413035 ,3.09369740772 ,0.0400046327034 ,0.00668437633032 ,0.1368502448276896 ,-0.04924498180816139 ,-0.11616847266557673 ,-3.08047647038 ,-0.0523715946912 ,-0.0486207902834 ,0.012392521 ,0.018020337 ,-0.19821283 ,0.00686081692732 ,-1.81292329937e-05 ,-3.12505223611 ,0.0014643470058979258 ,-0.009002551950580306 ,0.20512948488438942 ,3.10056357699 ,0.0400531816629 ,3.13201132318
-1.5 ,-0.5 ,0.0 ,0.0 ,0.0 ,-0.70710677 ,0.70710677 ,-1.596455 ,-0.5747617 ,1.5570046 ,-0.7049964 ,0.7089399 ,0.019257143 ,0.0036625918 ,-1.531679388723728 ,-0.5032567828597307 ,0.041110593589714695 ,-0.705158386461623 ,0.7088367517670705 ,0.016226347413415068 ,0.006230168277667808 ,-1.4716136 ,0.5423772 ,-0.310888 ,-0.06337331 ,-0.014743617 ,0.7195303 ,0.69140625 ,-1.3990414334857144 ,-0.5537726970666077 ,0.012807369765475363 ,-0.6784844456556056 ,0.7315878703059415 ,-0.021910158892768688 ,-0.06291255806208755 ,-0.03167938872372811 ,-0.0032567828597307447 ,0.041110593589714695 ,3.12736786567 ,0.0317219543499 ,-0.00542842769592 ,0.10095856651428559 ,-0.0537726970666077 ,0.012807369765475363 ,3.08785502918 ,-0.122086593028 ,-0.0719993755378 ,0.028386354 ,1.0423772 ,-0.310888 ,-0.109342038464 ,0.0708696875548 ,-3.10561216606 ,-0.06006574317013924 ,-1.045633956760335 ,0.35199858597176426 ,3.0146518908 ,0.0973785461774 ,3.08902134432
-1.5 ,-1.0 ,0.0 ,0.0 ,0.0 ,-0.70710677 ,0.70710677 ,-1.6084858 ,-1.1048377 ,1.5631125 ,-0.70217514 ,0.71178395 ,0.017365182 ,-0.003493078 ,-1.5447706882446002 ,-1.0108570082628097 ,0.0470084186758426 ,-0.7023275691078102 ,0.7117087959348496 ,0.01434370626788551 ,-0.000912989912961413 ,-1.5276526 ,1.0304867 ,-0.34521785 ,-0.054690555 ,-0.009947091 ,0.72674596 ,0.68465346 ,-1.495792029727888 ,-1.0290215830706861 ,0.06511771092368823 ,-0.6717356759935257 ,0.738336449038201 ,-0.02685366617093249 ,-0.05393839293454537 ,-0.044770688244600176 ,-0.010857008262809664 ,0.0470084186758426 ,3.11988757404 ,0.0188495110051 ,-0.0134731052352 ,0.00420797027211206 ,-0.02902158307068614 ,0.06511771092368823 ,3.10855409697 ,-0.115986377028 ,-0.0924758612261 ,-0.027652621 ,2.0304866 ,-0.34521785 ,-0.0896607227304 ,0.0659193851732 ,-3.08492209052 ,-0.017118066975374102 ,-2.041343711181816 ,0.39222627246040376 ,3.02554286622 ,0.0779705468553 ,3.06391992026
-1.5 ,-1.5 ,0.0 ,0.0 ,0.0 ,-0.70710677 ,0.70710677 ,-1.5699873 ,-1.5776317 ,1.5281963 ,-0.69577885 ,0.7180706 ,0.0037270233 ,-0.015888376 ,-1.5085405444119182 ,-1.463473987762929 ,0.015261229755759276 ,-0.6958739691942404 ,0.7180407700689275 ,0.0007272944587393822 ,-0.013279403580163909 ,-1.5329685 ,1.556414 ,-0.29780525 ,-0.008187683 ,0.0035039354 ,0.7289488 ,0.6845103 ,-1.5445354578814863 ,-1.5437715397839746 ,0.0472485734564958 ,-0.6724638294616968 ,0.7389508052655597 ,-0.04106173032357881 ,-0.007618383419367893 ,-0.008540544411918205 ,0.03652601223707097 ,0.015261229755759276 ,3.12206219085 ,-0.0180590773679 ,-0.0311762857897 ,-0.04453545788148627 ,-0.04377153978397463 ,0.0472485734564958 ,-3.09102023129 ,-0.0665333541551 ,-0.0958270050703 ,-0.03296852 ,3.0564141 ,-0.29780525 ,-0.0061016205264 ,0.0167345446978 ,-3.07878536434 ,0.024427976706245857 ,-3.0198879959034928 ,0.3130664794467688 ,3.11441709094 ,-0.00197085638974 ,3.04763459027
-1.0 ,-1.5 ,0.0 ,0.0 ,0.0 ,0.0 ,1.0 ,-1.0418625 ,-1.5746878 ,1.4864954 ,0.99934053 ,-0.022352235 ,-0.021578863 ,0.018794442 ,-0.9975918539312414 ,-1.4590157090995084 ,-0.019474150051991268 ,0.999414594916257 ,-0.022306836633655333 ,-0.01761092700824168 ,0.019045413035266936 ,-0.9750722 ,1.5249631 ,-0.24640137 ,-0.0033443957 ,0.007174517 ,0.0019513222 ,0.99996674 ,-1.0159993094489908 ,-1.4997201503137318 ,0.026039917358889664 ,0.9988300814782662 ,-0.017161140145473788 ,0.03341705179149764 ,0.030451013982982847 ,0.00240814606875861 ,0.040984290900491605 ,-0.019474150051991268 ,3.10270569304 ,0.03435830869 ,-0.0453005899985 ,-0.01599930944899075 ,0.0002798496862681521 ,0.026039917358889664 ,3.08173543065 ,-0.0678531158501 ,-0.0323269658637 ,0.024927795 ,3.0249631 ,-0.24640137 ,-0.00666130587592 ,0.0143621032803 ,0.00385493305413 ,-0.022519648864560482 ,-2.9839788495871793 ,0.22692721951969452 ,3.11006614511 ,0.0203402809205 ,-0.049002075302
-0.5 ,-1.5 ,0.0 ,0.0 ,0.0 ,0.0 ,1.0 ,-0.5455421 ,-1.6302155 ,1.5191985 ,0.9996063 ,-0.019607067 ,-0.0017235712 ,0.019995118 ,-0.5181190252196204 ,-1.5106000113355795 ,0.014476485122375093 ,0.9996009874707635 ,-0.01955971791797315 ,0.0022444876415543048 ,0.020254519438153904 ,-0.47424722 ,1.4835024 ,-0.20656125 ,-0.0013818232 ,0.0049211867 ,0.005808571 ,0.9999701 ,-0.5406630417157225 ,-1.4469747393389532 ,0.012102952993759963 ,0.9988865279336381 ,-0.021024688338086968 ,0.03130008160175603 ,0.028354394451144474 ,-0.018119025219620388 ,-0.010600011335579529 ,0.014476485122375093 ,3.10117601573 ,-0.00527955402602 ,-0.0390233518926 ,-0.04066304171572255 ,0.05302526066104685 ,0.012102952993759963 ,3.08612203613 ,-0.0637659485787 ,-0.0403204136844 ,0.025752783 ,2.9835024 ,-0.20656125 ,-0.00270652835974 ,0.00985829120348 ,0.0116040177391 ,-0.04387180804127566 ,-2.994102399336068 ,0.22103773759715994 ,3.10437831436 ,-0.0149881780816 ,-0.0506731621402
0.0 ,-1.5 ,0.0 ,0.0 ,0.0 ,0.0 ,1.0 ,-0.008892527 ,-1.6166205 ,1.5020642 ,0.9996709 ,-0.008907582 ,-0.0021101425 ,0.02396458 ,0.0009122006953311557 ,-1.4959007722223479 ,0.0025405523771069305 ,0.9996644009559615 ,-0.008876159759246813 ,0.0018550723508379394 ,0.024266395609151226 ,0.05387767 ,1.4674499 ,-0.232332 ,-0.0021397688 ,0.0054130587 ,-0.0017989811 ,0.99998146 ,-0.04491379836077347 ,-1.4148789452693804 ,0.060521301679766326 ,0.9989810143473187 ,-0.01343019850638498 ,0.03157443794228279 ,0.029319236182247452 ,0.0009122006953311557 ,0.004099227777652148 ,0.0025405523771069305 ,3.09308965101 ,-0.00413969621279 ,-0.017657398842 ,-0.04491379836077347 ,0.0851210547306196 ,0.060521301679766326 ,3.08371159974 ,-0.0639155634906 ,-0.0250352792779 ,0.05387767 ,2.96745 ,-0.232332 ,-0.00429919888655 ,0.0108184284363 ,-0.00362128056996 ,-0.052965469622557104 ,-2.9633506757105073 ,0.23487255847394684 ,3.09754076111 ,-0.0148965725546 ,-0.0141017401295
0.5 ,-1.5 ,0.0 ,0.0 ,0.0 ,0.0 ,1.0 ,0.5109217 ,-1.6910926 ,1.5582995 ,0.9993481 ,-0.018245082 ,-0.022422666 ,0.021626811 ,0.5028696087244162 ,-1.5655362650175206 ,0.05846117858226907 ,0.9994240265549501 ,-0.01821121699373907 ,-0.018455717635463637 ,0.021894136357879807 ,0.5535794 ,1.4267626 ,-0.20718652 ,-0.0027105354 ,0.006055203 ,-0.0013018149 ,0.9999772 ,0.4286328407609963 ,-1.3621772657719189 ,0.05995811797874273 ,0.9989368115592261 ,-0.013924497548390959 ,0.03222064355830612 ,0.029886200973033315 ,0.002869608724416217 ,-0.06553626501752063 ,0.05846117858226907 ,3.09711376419 ,0.0361005783743 ,-0.0372424681704 ,-0.07136715923900372 ,0.1378227342280811 ,0.05995811797874273 ,3.08262151518 ,-0.0652513685986 ,-0.0259516158532 ,0.05357939 ,2.9267626 ,-0.20718652 ,-0.00543713735357 ,0.0121033667998 ,-0.00263659212104 ,-0.050709781324564496 ,-2.9922988458891027 ,0.26564769868190896 ,3.10296811354 ,0.0241921509027 ,-0.034462316115
1.0 ,-1.5 ,0.0 ,0.0 ,0.0 ,0.0 ,1.0 ,1.0787728 ,-1.7041377 ,1.5750457 ,0.9999371 ,0.00095254375 ,-0.006889739 ,0.008799116 ,1.051737823041668 ,-1.5762263543662305 ,0.07813695416968902 ,0.999953389947008 ,0.0010423720607225804 ,-0.0029286824317634034 ,0.009140799373553917 ,1.1242311 ,1.2728925 ,-0.24224739 ,-0.00316663 ,-0.00022990647 ,-0.046416685 ,0.9989171 ,0.9758919740314911 ,-1.194170189248152 ,0.11220577363323603 ,0.9987213749365238 ,0.03098726061152131 ,0.0246854991999859 ,0.03140113141179391 ,0.051737823041668074 ,-0.07622635436623049 ,0.07813695416968902 ,3.12331667961 ,0.00587618189609 ,0.00203114241798 ,-0.024108025968508917 ,0.305829810751848 ,0.11220577363323603 ,3.0772241945 ,-0.0473795257429 ,0.0635596492408 ,0.1242311 ,2.7728925 ,-0.24224739 ,-0.00630510237493 ,-0.000753284024611 ,-0.0928648325312 ,-0.07249327704072939 ,-2.8491188294944045 ,0.3203843419365271 ,3.12966490515 ,0.00602851606697 ,0.0949361364813
1.5 ,-1.5 ,0.0 ,0.0 ,0.0 ,0.70710677 ,0.70710677 ,1.5792803 ,-1.6257098 ,1.558823 ,0.7139169 ,0.7001508 ,0.002548304 ,0.010248855 ,1.5359905324968188 ,-1.4995607454281539 ,0.0667393979743034 ,0.7138087767607159 ,0.700196200122812 ,0.005140981593030419 ,0.01326204589063323 ,1.5410389 ,1.4607048 ,-0.27358788 ,0.0015520293 ,0.0025509587 ,-0.7107873 ,0.7034007 ,1.3491465794536674 ,-1.363534182405582 ,0.1702010403626888 ,0.7136812702345675 ,0.6995336222472036 ,0.0018073988317727713 ,0.0361730448199197 ,0.03599053249681883 ,0.00043925457184612604 ,0.0667393979743034 ,3.11545550792 ,0.0112329489382 ,-0.0194001440423 ,-0.15085342054633255 ,0.136465817594418 ,0.1702010403626888 ,3.08734274971 ,0.0480471930392 ,-0.0213251138385 ,0.04103887 ,2.9607048 ,-0.27358788 ,-0.00144300586502 ,0.00579504988149 ,3.13114211338 ,-0.0050483383146435745 ,-2.9602655488949505 ,0.3403272804930717 ,3.11396048102 ,0.0170148337852 ,3.13261775361
